nconst	primaryName	birthYear	deathYear	primaryProfession	knownForTitles
nm0000001	Chris Evans	1899	1987	soundtrack,actor,miscellaneous	tt0072308,tt0043044,tt0050419,tt0053137
nm0000002	Chris Hemsworth	1924	2014	actor,soundtrack	tt0038355,tt0117057,tt0037382,tt0071877
nm0000003	Scarlett Johansson	1934	\N	actress,soundtrack,producer	tt0057345,tt0054452,tt0049189,tt0059956
nm0000004	John Leguizamo	1949	1982	actor,writer,soundtrack	tt0078723,tt0077975,tt0072562,tt0080455
nm0000005	Keanu Reeves	1918	2007	writer,director,actor	tt0050986,tt0050976,tt0083922,tt0069467
nm0000006	Taika Waititi	1915	1982	actress,soundtrack,producer	tt0036855,tt0038109,tt0038787,tt0071877
nm0000007	Jon Favreau	1918	2007	writer,director,actor	tt0050986,tt0050976,tt0083922,tt0069467
